county,cox_votes,ficker_votes,schulz_votes,werner_votes,source_url,notes,total_2022_gop_votes,cox_share,schulz_share,cox_margin_vs_schulz,county_lane,jurisdiction_key,county_weight,last_updated
Allegany,4469,399,2259,99,https://elections.maryland.gov/elections/archive/2022/primary_results/gen_detail_results_2022_1_1_Republican_P.html,Official 2022 county Republican governor primary results.,7226,0.6184611126487684,0.3126210905065043,0.3058400221422641,cox_base,Allegany,0.024489270269903888,2026-05-26
Anne Arundel,18039,711,18581,513,https://elections.maryland.gov/elections/archive/2022/primary_results/gen_detail_results_2022_1_1_Republican_P.html,Official 2022 county Republican governor primary results.,37844,0.4766673713138146,0.4909893245957087,-0.014321953281894118,competitive_gop_primary,Anne Arundel,0.12825518185638565,2026-05-26
Baltimore City,1771,168,2010,156,https://elections.maryland.gov/elections/archive/2022/primary_results/gen_detail_results_2022_1_1_Republican_P.html,Official 2022 county Republican governor primary results.,4105,0.43142509135200974,0.48964677222898906,-0.05822168087697932,establishment_lean,Baltimore City,0.013912047392465465,2026-05-26
Baltimore County,18129,842,18247,649,https://elections.maryland.gov/elections/archive/2022/primary_results/gen_detail_results_2022_1_1_Republican_P.html,Official 2022 county Republican governor primary results.,37867,0.4787545884279188,0.4818707581799456,-0.0031161697520268317,competitive_gop_primary,Baltimore County,0.1283331299903751,2026-05-26
Calvert,6081,335,3628,186,https://elections.maryland.gov/elections/archive/2022/primary_results/gen_detail_results_2022_1_1_Republican_P.html,Official 2022 county Republican governor primary results.,10230,0.5944281524926687,0.35464320625610946,0.23978494623655922,cox_base,Calvert,0.034669974378787265,2026-05-26
Caroline,2533,49,1409,39,https://elections.maryland.gov/elections/archive/2022/primary_results/gen_detail_results_2022_1_1_Republican_P.html,Official 2022 county Republican governor primary results.,4030,0.6285359801488833,0.34962779156327545,0.2789081885856079,cox_base,Caroline,0.01365786869467377,2026-05-26
Carroll,10462,404,9997,268,https://elections.maryland.gov/elections/archive/2022/primary_results/gen_detail_results_2022_1_1_Republican_P.html,Official 2022 county Republican governor primary results.,21131,0.495101982868771,0.473096398656003,0.022005584212767992,competitive_gop_primary,Carroll,0.07161400084048422,2026-05-26
Cecil,4998,203,3487,128,https://elections.maryland.gov/elections/archive/2022/primary_results/gen_detail_results_2022_1_1_Republican_P.html,Official 2022 county Republican governor primary results.,8816,0.566923774954628,0.39553085299455537,0.1713929219600726,cox_base,Cecil,0.02987785866308783,2026-05-26
Charles,3473,176,1709,127,https://elections.maryland.gov/elections/archive/2022/primary_results/gen_detail_results_2022_1_1_Republican_P.html,Official 2022 county Republican governor primary results.,5485,0.6331814038286235,0.3115770282588879,0.32160437556973565,cox_base,Charles,0.01858893543183266,2026-05-26
Dorchester,2475,75,916,42,https://elections.maryland.gov/elections/archive/2022/primary_results/gen_detail_results_2022_1_1_Republican_P.html,Official 2022 county Republican governor primary results.,3508,0.7055302166476625,0.2611174458380844,0.4444127708095781,cox_base,Dorchester,0.01188878495804357,2026-05-26
Frederick,10895,418,9665,229,https://elections.maryland.gov/elections/archive/2022/primary_results/gen_detail_results_2022_1_1_Republican_P.html,Official 2022 county Republican governor primary results.,21207,0.5137454614042534,0.45574574432970244,0.05799971707455093,competitive_gop_primary,Frederick,0.07187156858757981,2026-05-26
Garrett,3474,318,1455,55,https://elections.maryland.gov/elections/archive/2022/primary_results/gen_detail_results_2022_1_1_Republican_P.html,Official 2022 county Republican governor primary results.,5302,0.6552244436061864,0.2744247453791022,0.38079969822708415,cox_base,Garrett,0.017968739409220925,2026-05-26
Harford,15669,521,12876,390,https://elections.maryland.gov/elections/archive/2022/primary_results/gen_detail_results_2022_1_1_Republican_P.html,Official 2022 county Republican governor primary results.,29456,0.5319459532862575,0.4371265616512765,0.09481939163498099,competitive_gop_primary,Harford,0.09982783629536242,2026-05-26
Howard,6320,361,8218,303,https://elections.maryland.gov/elections/archive/2022/primary_results/gen_detail_results_2022_1_1_Republican_P.html,Official 2022 county Republican governor primary results.,15202,0.41573477174056045,0.5405867648993553,-0.12485199315879486,establishment_lean,Howard,0.05152032751772473,2026-05-26
Kent,921,48,1096,31,https://elections.maryland.gov/elections/archive/2022/primary_results/gen_detail_results_2022_1_1_Republican_P.html,Official 2022 county Republican governor primary results.,2096,0.43940839694656486,0.5229007633587787,-0.0834923664122138,establishment_lean,Kent,0.007103447340951917,2026-05-26
Montgomery,10880,1300,10643,683,https://elections.maryland.gov/elections/archive/2022/primary_results/gen_detail_results_2022_1_1_Republican_P.html,Official 2022 county Republican governor primary results.,23506,0.4628605462435123,0.45277801412405344,0.010082532119458865,competitive_gop_primary,Montgomery,0.07966299293722125,2026-05-26
Prince George's,3466,471,2607,357,https://elections.maryland.gov/elections/archive/2022/primary_results/gen_detail_results_2022_1_1_Republican_P.html,Official 2022 county Republican governor primary results.,6901,0.5022460512969135,0.37777133748732067,0.1244747138095928,cox_base,Prince George's,0.02338782924613987,2026-05-26
Queen Anne's,3237,62,2744,51,https://elections.maryland.gov/elections/archive/2022/primary_results/gen_detail_results_2022_1_1_Republican_P.html,Official 2022 county Republican governor primary results.,6094,0.5311782080735149,0.450278962914342,0.0808992451591729,competitive_gop_primary,Queen Anne's,0.02065286645790123,2026-05-26
Saint Mary's,6264,354,4692,309,https://elections.maryland.gov/elections/archive/2022/primary_results/gen_detail_results_2022_1_1_Republican_P.html,Official 2022 county Republican governor primary results.,11619,0.5391169635941131,0.40382132713658664,0.13529563645752646,cox_base,Saint Mary's,0.03937736386188946,2026-05-26
Somerset,1664,52,356,33,https://elections.maryland.gov/elections/archive/2022/primary_results/gen_detail_results_2022_1_1_Republican_P.html,Official 2022 county Republican governor primary results.,2105,0.790498812351544,0.1691211401425178,0.6213776722090262,cox_base,Somerset,0.00713394878468692,2026-05-26
Talbot,2463,92,2077,44,https://elections.maryland.gov/elections/archive/2022/primary_results/gen_detail_results_2022_1_1_Republican_P.html,Official 2022 county Republican governor primary results.,4676,0.526732249786142,0.4441830624465355,0.08254918733960648,competitive_gop_primary,Talbot,0.015847194544986242,2026-05-26
Washington,7675,525,5224,199,https://elections.maryland.gov/elections/archive/2022/primary_results/gen_detail_results_2022_1_1_Republican_P.html,Official 2022 county Republican governor primary results.,13623,0.5633854510753872,0.3834691330837554,0.17991631799163177,cox_base,Washington,0.04616901866688357,2026-05-26
Wicomico,4517,227,2433,109,https://elections.maryland.gov/elections/archive/2022/primary_results/gen_detail_results_2022_1_1_Republican_P.html,Official 2022 county Republican governor primary results.,7286,0.6199560801537195,0.33392808125171564,0.28602799890200387,cox_base,Wicomico,0.024692613228137244,2026-05-26
Worcester,3548,157,1973,75,https://elections.maryland.gov/elections/archive/2022/primary_results/gen_detail_results_2022_1_1_Republican_P.html,Official 2022 county Republican governor primary results.,5753,0.616721710411959,0.34295150356335824,0.27377020684860076,cox_base,Worcester,0.01949720064527499,2026-05-26
