candidate,forecast_probability,probability_p10,probability_p90,yes_price,implied_probability,normalized_probability,stale_price_flag,liquidity_warning,settlement_warning,days_stale,is_active_candidate,market_probability,edge_vs_market,market_data_available,last_updated
Dan Cox,0.6250030804822811,0.5676795923930793,0.6806541517389358,0.575,0.58,0.5979381443298969,False,ok,ok,0.0,True,0.5979381443298969,0.027064936152384256,True,2026-05-24
John A. Myrick,0.12418584889626183,0.0965030676030219,0.1546988739901238,0.025,0.03,0.030927835051546393,False,ok,ok,0.0,True,0.030927835051546393,0.09325801384471544,True,2026-05-24
Ed Hale,0.09855305043932201,0.07523769983753299,0.12359485157355789,0.357,0.36,0.3711340206185567,False,ok,ok,0.0,True,0.3711340206185567,-0.2725809701792347,True,2026-05-24
Carl A. Brunner Jr.,0.042929916157067656,0.02803932340923934,0.060233322726799585,,,,,,,,,,,False,2026-05-24
Douglas Larcomb,0.02984005757799412,0.01977470763838056,0.041809749163842225,,,,,,,,,,,False,2026-05-24
Shannon Wright,0.0234265576935785,0.015297582980746197,0.032873924676106954,,,,,,,,,,,False,2026-05-24
Nancy Jane Taylor,0.021614553009870842,0.013875723947954095,0.030579594473128528,,,,,,,,,,,False,2026-05-24
Michael Oakes,0.018910287106272707,0.01206815386321219,0.02685058564802929,,,,,,,,,,,False,2026-05-24
L. D. Burkindine,0.015536648637350953,0.010002739689073142,0.02198955313419533,,,,,,,,,,,False,2026-05-24
